Topic ID,Topic
1,Introduction to Economics
2,Scarcity and Choice
3,Economic Systems
4,Demand and Supply
5,Price Elasticity
6,Consumer Behavior
7,Production and Costs
8,Perfect Competition
9,Monopoly
10,Monopolistic Competition
11,Oligopoly
12,Game Theory
13,Market Failure
14,Externalities
15,Public Goods
16,Microeconomics vs. Macroeconomics
17,Gross Domestic Product (GDP)
18,National Income and Accounting
19,Inflation and Deflation
20,Unemployment
21,Economic Growth
22,Business Cycles
23,Monetary Policy
24,Federal Reserve System
25,Fiscal Policy
26,Government Budgeting
27,Taxation
28,Public Debt
29,International Trade
30,Balance of Payments
31,Foreign Exchange Rates
32,Comparative Advantage
33,Protectionism
34,International Trade Agreements
35,Development Economics
36,Economic Development
37,Poverty and Inequality
38,Labor Economics
39,Labor Markets
40,Wages and Salaries
41,Labor Unions
42,Human Capital
43,Behavioral Economics
44,Heuristics and Biases
45,Experimental Economics
46,Public Choice Theory
47,Law and Economics
48,Industrial Organization
49,Antitrust Policy
50,Regulation
51,Environmental Economics
52,Sustainability
53,Climate Change
54,Energy Economics
55,Health Economics
56,Healthcare Markets
57,Healthcare Policy
58,Education Economics
59,Education Policy
60,Urban Economics
61,Cities and Regions
62,Land Use
63,Transportation Economics
64,Behavioral Finance
65,Market Psychology
66,Asset Pricing
67,Risk and Return
68,Portfolio Theory
69,Financial Markets and Institutions
70,Commercial Banking
71,Central Banking
72,Investment Banking
73,Securities Markets
74,Stock Markets
75,Bond Markets
76,Derivatives Markets
77,Financial Crises
78,Economic History
79,Great Depression
80,Keynesian Economics
81,Monetarism
82,Supply-Side Economics
83,Behavioral Economics in History
84,Feminist Economics
85,Ecological Economics
86,Experimental Economics in History
87,Econometrics
88,Statistical Methods in Economics
89,Regression Analysis
90,Time Series Analysis
91,Causal Inference
92,Economic Forecasting
93,Game Theory Applications in Economics
94,Auctions and Mechanism Design
95,Information Economics
96,Asymmetric Information
97,Signaling Theory
98,Adverse Selection and Moral Hazard
99,Behavioral Game Theory
100,Behavioral Public Economics
101,Experimental Design in Economics
102,Field Experiments in Economics
103,Big Data and Economics
104,Machine Learning in Economics
105,Computational Economics
106,Agent-Based Modeling in Economics
107,Behavioral Experiments in the Lab
108,Behavioral Experiments in the Field
109,Neuroeconomics
110,The Economics of Happiness
111,The Economics of Education
112,The Economics of Crime
113,The Economics of Discrimination
114,The Economics of Innovation
115,The Economics of Technology
116,Behavioral Law and Economics
117,Behavioral Political Economy
118,The Economics of the Family
119,The Economics of Health
120,The Economics of Aging
121,Behavioral Finance Applications
122,The Economics of Housing
123,The Economics of Development
124,Behavioral Development Economics
125,The Economics of the Environment
126,Behavioral Environmental Economics
127,Behavioral Public Policy
128,Behavioral Macroeconomics
129,The Economics of Education Policy
130,The Economics of Healthcare Policy
131,The Economics of Labor Policy
132,The Economics of Social Security
133,The Economics of Taxation
134,The Economics of Inequality
135,Behavioral Industrial Organization
136,The Economics of Regulation
137,The Economics of Competition Policy
138,Behavioral Finance and Market Regulation